<?xml version="1.0" ?>

<container xmlns="http://symfony.com/schema/dic/services"
    xmlns:xsi="http://www.w3.org/2001/XMLSchema-instance"
    xsi:schemaLocation="http://symfony.com/schema/dic/services http://symfony.com/schema/dic/services/services-1.0.xsd">

    <!--
    <services>
        <service id="ecommerce_hotel.example" class="Ecommerce\HotelBundle\Example">
            <argument type="service" id="service_id" />
            <argument>plain_value</argument>
            <argument>%parameter_name%</argument>
        </service>
    </services>
    -->
</container>
